Workbook

Sheet Baseline_Schedule
A1: Act ID | B1: Activity Name | C1: Duration (days) | D1: Predecessor | E1: Planned Start | F1: Planned Finish | G1: Daily Start of an activity and how much its completed at the end of that day(On Each day basis) | H1: Actual Finish(On site reality) Can be filled manually after the 100% complete of an activity | I1: % Complete(Each day updation) | J1: Remaining Duration(Counted wrt total %complete of an activity from each day) | K1: Revised Finish | L1: Status
A2: A | B2: Mobilization | C2: 3 | E2: =DATE(2025,11,10) -> 45971 | F2: =E2+C2 -> 45974 | G2: 45974 | H2: 45974 | I2: 100 | J2: =IF(I2="",C2,IF(I2=100,0,CEILING(C2*(1-I2/100),1))) -> 0 | K2: =IF(G2<>"",G2+J2,F2) -> 45974 | L2: =IF(I2=100,"Completed",IF(AND(G2="",TODAY()>E2),"Not Started (Delay)",IF(AND(G2<>"",TODAY()>F2),"In Progress (Slower)",IF(AND(G2="",TODAY()<E2),"Not Planned Yet","On Schedule")))) -> Completed
A3: B | B3: Site survey & setting out | C3: 2 | D3: A | E3: =IF(D3="","",VLOOKUP(D3,$A$2:$L$13,6,FALSE)+1) -> 45975 | F3: =E3+C3 -> 45977 | G3: 45977 | I3: 90 | J3: =IF(I3="",C3,IF(I3=100,0,CEILING(C3*(1-I3/100),1))) -> 1 | K3: =IF(G3<>"",G3+J3,F3) -> 45978 | L3: =IF(I3=100,"Completed",IF(AND(G3="",TODAY()>E3),"Not Started (Delay)",IF(AND(G3<>"",TODAY()>F3),"In Progress (Slower)",IF(AND(G3="",TODAY()<E3),"Not Planned Yet","On Schedule")))) -> On Schedule
A4: C | B4: Excavation | C4: 7 | D4: B | E4: =IF(D4="","",VLOOKUP(D4,$A$2:$L$13,6,FALSE)+1) -> 45978 | F4: =E4+C4 -> 45985 | G4: 45981 | I4: 10 | J4: =IF(I4="",C4,IF(I4=100,0,CEILING(C4*(1-I4/100),1))) -> 7 | K4: =IF(G4<>"",G4+J4,F4) -> 45988 | L4: =IF(I4=100,"Completed",IF(AND(G4="",TODAY()>E4),"Not Started (Delay)",IF(AND(G4<>"",TODAY()>F4),"In Progress (Slower)",IF(AND(G4="",TODAY()<E4),"Not Planned Yet","On Schedule")))) -> On Schedule
A5: D | B5: PCC & Subbase | C5: 3 | D5: C | E5: =IF(D5="","",VLOOKUP(D5,$A$2:$L$13,6,FALSE)+1) -> 45986 | F5: =E5+C5 -> 45989 | G5: 45987 | I5: 25 | J5: =IF(I5="",C5,IF(I5=100,0,CEILING(C5*(1-I5/100),1))) -> 3 | K5: =IF(G5<>"",G5+J5,F5) -> 45990 | L5: =IF(I5=100,"Completed",IF(AND(G5="",TODAY()>E5),"Not Started (Delay)",IF(AND(G5<>"",TODAY()>F5),"In Progress (Slower)",IF(AND(G5="",TODAY()<E5),"Not Planned Yet","On Schedule")))) -> On Schedule
A6: E | B6: Footing formwork & rebar | C6: 5 | D6: D | E6: =IF(D6="","",VLOOKUP(D6,$A$2:$L$13,6,FALSE)+1) -> 45990 | F6: =E6+C6 -> 45995 | G6: 45991 | I6: 20 | J6: =IF(I6="",C6,IF(I6=100,0,CEILING(C6*(1-I6/100),1))) -> 4 | K6: =IF(G6<>"",G6+J6,F6) -> 45995 | L6: =IF(I6=100,"Completed",IF(AND(G6="",TODAY()>E6),"Not Started (Delay)",IF(AND(G6<>"",TODAY()>F6),"In Progress (Slower)",IF(AND(G6="",TODAY()<E6),"Not Planned Yet","On Schedule")))) -> On Schedule
A7: F | B7: Footing concreting | C7: 2 | D7: E | E7: =IF(D7="","",VLOOKUP(D7,$A$2:$L$13,6,FALSE)+1) -> 45996 | F7: =E7+C7 -> 45998 | G7: 45997 | I7: 50 | J7: =IF(I7="",C7,IF(I7=100,0,CEILING(C7*(1-I7/100),1))) -> 1 | K7: =IF(G7<>"",G7+J7,F7) -> 45998 | L7: =IF(I7=100,"Completed",IF(AND(G7="",TODAY()>E7),"Not Started (Delay)",IF(AND(G7<>"",TODAY()>F7),"In Progress (Slower)",IF(AND(G7="",TODAY()<E7),"Not Planned Yet","On Schedule")))) -> On Schedule
A8: G | B8: Footing curing & backfill | C8: 7 | D8: F | E8: =IF(D8="","",VLOOKUP(D8,$A$2:$L$13,6,FALSE)+1) -> 45999 | F8: =E8+C8 -> 46006 | G8: 46001 | I8: 24 | J8: =IF(I8="",C8,IF(I8=100,0,CEILING(C8*(1-I8/100),1))) -> 6 | K8: =IF(G8<>"",G8+J8,F8) -> 46007 | L8: =IF(I8=100,"Completed",IF(AND(G8="",TODAY()>E8),"Not Started (Delay)",IF(AND(G8<>"",TODAY()>F8),"In Progress (Slower)",IF(AND(G8="",TODAY()<E8),"Not Planned Yet","On Schedule")))) -> On Schedule
A9: H | B9: Columns GF – formwork & rebar | C9: 6 | D9: G | E9: =IF(D9="","",VLOOKUP(D9,$A$2:$L$13,6,FALSE)+1) -> 46007 | F9: =E9+C9 -> 46013 | G9: 46009 | I9: 34 | J9: =IF(I9="",C9,IF(I9=100,0,CEILING(C9*(1-I9/100),1))) -> 4 | K9: =IF(G9<>"",G9+J9,F9) -> 46013 | L9: =IF(I9=100,"Completed",IF(AND(G9="",TODAY()>E9),"Not Started (Delay)",IF(AND(G9<>"",TODAY()>F9),"In Progress (Slower)",IF(AND(G9="",TODAY()<E9),"Not Planned Yet","On Schedule")))) -> On Schedule
A10: I | B10: GF slab formwork & reinforcement | C10: 8 | D10: H | E10: =IF(D10="","",VLOOKUP(D10,$A$2:$L$13,6,FALSE)+1) -> 46014 | F10: =E10+C10 -> 46022 | G10: 46016 | I10: 30 | J10: =IF(I10="",C10,IF(I10=100,0,CEILING(C10*(1-I10/100),1))) -> 6 | K10: =IF(G10<>"",G10+J10,F10) -> 46022 | L10: =IF(I10=100,"Completed",IF(AND(G10="",TODAY()>E10),"Not Started (Delay)",IF(AND(G10<>"",TODAY()>F10),"In Progress (Slower)",IF(AND(G10="",TODAY()<E10),"Not Planned Yet","On Schedule")))) -> On Schedule
A11: J | B11: GF slab concreting | C11: 2 | D11: I | E11: =IF(D11="","",VLOOKUP(D11,$A$2:$L$13,6,FALSE)+1) -> 46023 | F11: =E11+C11 -> 46025 | G11: 46023 | I11: 10 | J11: =IF(I11="",C11,IF(I11=100,0,CEILING(C11*(1-I11/100),1))) -> 2 | K11: =IF(G11<>"",G11+J11,F11) -> 46025 | L11: =IF(I11=100,"Completed",IF(AND(G11="",TODAY()>E11),"Not Started (Delay)",IF(AND(G11<>"",TODAY()>F11),"In Progress (Slower)",IF(AND(G11="",TODAY()<E11),"Not Planned Yet","On Schedule")))) -> On Schedule
A12: K | B12: GF slab curing & masonry start | C12: 10 | D12: J | E12: =IF(D12="","",VLOOKUP(D12,$A$2:$L$13,6,FALSE)+1) -> 46026 | F12: =E12+C12 -> 46036 | G12: 46030 | I12: 25 | J12: =IF(I12="",C12,IF(I12=100,0,CEILING(C12*(1-I12/100),1))) -> 8 | K12: =IF(G12<>"",G12+J12,F12) -> 46038 | L12: =IF(I12=100,"Completed",IF(AND(G12="",TODAY()>E12),"Not Started (Delay)",IF(AND(G12<>"",TODAY()>F12),"In Progress (Slower)",IF(AND(G12="",TODAY()<E12),"Not Planned Yet","On Schedule")))) -> On Schedule
A13: L | B13: GF masonry & finishes | C13: 15 | D13: K | E13: =IF(D13="","",VLOOKUP(D13,$A$2:$L$13,6,FALSE)+1) -> 46037 | F13: =E13+C13 -> 46052 | G13: 46044 | I13: 65 | J13: =IF(I13="",C13,IF(I13=100,0,CEILING(C13*(1-I13/100),1))) -> 6 | K13: =IF(G13<>"",G13+J13,F13) -> 46050 | L13: =IF(I13=100,"Completed",IF(AND(G13="",TODAY()>E13),"Not Started (Delay)",IF(AND(G13<>"",TODAY()>F13),"In Progress (Slower)",IF(AND(G13="",TODAY()<E13),"Not Planned Yet","On Schedule")))) -> On Schedule
F18: Column | G18: Formula | H18: Description
F19: Planned Start | G19: =IF(Dx="",DATE(2025,11,10),VLOOKUP(Dx,$A$2:$L$13,6,FALSE)+1) | H19: If no predecessor → project start; else start after predecessor’s finish
F20: Planned Finish | G20: =Ex+Cx | H20: Duration added to start
F21: Remaining Duration | G21: =IF(Ix="",Cx,IF(Ix=100,0,CEILING(Cx*(1-Ix/100)))) | H21: Auto updates with % complete
F22: Revised Finish | G22: =IF(Gx<>"",Gx+Jx,Fx) | H22: If started, shifts finish date based on remaining duration
F23: Status | G23: =IF(Ix=100,"Completed",IF(AND(Gx="",TODAY()>Ex),"Not Started (Delay)",IF(AND(Gx<>"",TODAY()>Fx),"In Progress (Slower)",IF(AND(Gx="",TODAY()<Ex),"Not Planned Yet","On Schedule")))) | H23: Auto-evaluates live site condition
B27: Considered a simple CPM network just for explanation. Can extrapolate this to a PDM as well. | G27: Some Succeding Activities can start even after only some % of previous activity has finished.

Sheet Delay_Impact_Summary
A1: Act ID | B1: Activity Name | C1: Planned Finish | D1: Revised Finish | E1: Delay (days) | F1: Successor(s) | G1: Successor Planned Start | H1: New Start (after update)
A2: A | B2: Mobilization | C2: =Baseline_Schedule!F2 -> 45974 | D2: =Baseline_Schedule!K2 -> 45974 | E2: =D2-C2 -> 0 | F2: B | G2: =Baseline_Schedule!E3 -> 45975 | H2: =Baseline_Schedule!K2+1 -> 45975
A3: B | B3: Site survey & setting out | C3: =Baseline_Schedule!F3 -> 45977 | D3: =Baseline_Schedule!K3 -> 45978 | E3: =D3-C3 -> 1 | F3: C | G3: =Baseline_Schedule!E4 -> 45978 | H3: =Baseline_Schedule!K3+1 -> 45979
A4: C | B4: Excavation | C4: =Baseline_Schedule!F4 -> 45985 | D4: =Baseline_Schedule!K4 -> 45988 | E4: =D4-C4 -> 3 | F4: D | G4: =Baseline_Schedule!E5 -> 45986 | H4: =Baseline_Schedule!K4+1 -> 45989
A5: D | B5: PCC & Subbase | C5: =Baseline_Schedule!F5 -> 45989 | D5: =Baseline_Schedule!K5 -> 45990 | E5: =D5-C5 -> 1 | F5: E | G5: =Baseline_Schedule!E6 -> 45990 | H5: =Baseline_Schedule!K5+1 -> 45991
A6: E | B6: Footing formwork & rebar | C6: =Baseline_Schedule!F6 -> 45995 | D6: =Baseline_Schedule!K6 -> 45995 | E6: =D6-C6 -> 0 | F6: F | G6: =Baseline_Schedule!E7 -> 45996 | H6: =Baseline_Schedule!K6+1 -> 45996
A7: F | B7: Footing concreting | C7: =Baseline_Schedule!F7 -> 45998 | D7: =Baseline_Schedule!K7 -> 45998 | E7: =D7-C7 -> 0 | F7: G | G7: =Baseline_Schedule!E8 -> 45999 | H7: =Baseline_Schedule!K7+1 -> 45999
A8: G | B8: Footing curing & backfill | C8: =Baseline_Schedule!F8 -> 46006 | D8: =Baseline_Schedule!K8 -> 46007 | E8: =D8-C8 -> 1 | F8: H | G8: =Baseline_Schedule!E9 -> 46007 | H8: =Baseline_Schedule!K8+1 -> 46008
A9: H | B9: Columns GF – formwork & rebar | C9: =Baseline_Schedule!F9 -> 46013 | D9: =Baseline_Schedule!K9 -> 46013 | E9: =D9-C9 -> 0 | F9: I | G9: =Baseline_Schedule!E10 -> 46014 | H9: =Baseline_Schedule!K9+1 -> 46014
A10: I | B10: GF slab formwork & reinforcement | C10: =Baseline_Schedule!F10 -> 46022 | D10: =Baseline_Schedule!K10 -> 46022 | E10: =D10-C10 -> 0 | F10: J | G10: =Baseline_Schedule!E11 -> 46023 | H10: =Baseline_Schedule!K10+1 -> 46023
A11: J | B11: GF slab concreting | C11: =Baseline_Schedule!F11 -> 46025 | D11: =Baseline_Schedule!K11 -> 46025 | E11: =D11-C11 -> 0 | F11: K | G11: =Baseline_Schedule!E12 -> 46026 | H11: =Baseline_Schedule!K11+1 -> 46026
A12: K | B12: GF slab curing & masonry start | C12: =Baseline_Schedule!F12 -> 46036 | D12: =Baseline_Schedule!K12 -> 46038 | E12: =D12-C12 -> 2 | F12: L | G12: =Baseline_Schedule!E13 -> 46037 | H12: =Baseline_Schedule!K12+1 -> 46039
A13: L | B13: GF masonry & finishes | C13: =Baseline_Schedule!F13 -> 46052 | D13: =Baseline_Schedule!K13 -> 46050 | E13: =D13-C13 -> -2 | H13: =Baseline_Schedule!K13+1 -> 46051
B27: Considered a simple CPM network just for explanation. Can extrapolate this to a PDM as well.

Sheet Daily_Progress_Report
A1: Date | B1: Act ID | C1: Activity Name | D1: Planned % (Cumulative) | E1: Actual % (Cumulative) | F1: Daily Progress (%) | G1: Variance (%)
A2: 45971 | B2: A | C2: =IFERROR(VLOOKUP(B2, Baseline_Schedule!A:B, 2, FALSE),"") -> Mobilization | D2: =IFERROR(IF(AND(A2>=VLOOKUP(B2,Baseline_Schedule!A:F,5,FALSE),A2<=VLOOKUP(B2,Baseline_Schedule!A:F,6,FALSE)),ROUND((A2-VLOOKUP(B2,Baseline_Schedule!A:F,5,FALSE)+1)/VLOOKUP(B2,Baseline_Schedule!A:C,3,FALSE)*100,0),IF(A2<VLOOKUP(B2,Baseline_Schedule!A:F,5,FALSE),0,100)),"") -> 33 | E2: 30 | F2: {=IF(E2="","", E2 - IFERROR( LOOKUP(2, 1/($B$1:B1=$B2), $E$1:E1 ), 0 ) )} -> 30 | G2: =IF(AND(D2<>"",E2<>""),E2-D2,"") -> -3
A3: 45972 | B3: A | C3: =IFERROR(VLOOKUP(B3, Baseline_Schedule!A:B, 2, FALSE),"") -> Mobilization | D3: =IFERROR(IF(AND(A3>=VLOOKUP(B3,Baseline_Schedule!A:F,5,FALSE),A3<=VLOOKUP(B3,Baseline_Schedule!A:F,6,FALSE)),ROUND((A3-VLOOKUP(B3,Baseline_Schedule!A:F,5,FALSE)+1)/VLOOKUP(B3,Baseline_Schedule!A:C,3,FALSE)*100,0),IF(A3<VLOOKUP(B3,Baseline_Schedule!A:F,5,FALSE),0,100)),"") -> 67 | E3: 70 | F3: {=IF(E3="","", E3 - IFERROR( LOOKUP(2, 1/($B$1:B2=$B3), $E$1:E2 ), 0 ) )} -> 40 | G3: =IF(AND(D3<>"",E3<>""),E3-D3,"") -> 3
A4: 45973 | B4: A | C4: =IFERROR(VLOOKUP(B4, Baseline_Schedule!A:B, 2, FALSE),"") -> Mobilization | D4: =IFERROR(IF(AND(A4>=VLOOKUP(B4,Baseline_Schedule!A:F,5,FALSE),A4<=VLOOKUP(B4,Baseline_Schedule!A:F,6,FALSE)),ROUND((A4-VLOOKUP(B4,Baseline_Schedule!A:F,5,FALSE)+1)/VLOOKUP(B4,Baseline_Schedule!A:C,3,FALSE)*100,0),IF(A4<VLOOKUP(B4,Baseline_Schedule!A:F,5,FALSE),0,100)),"") -> 100 | E4: 100 | F4: {=IF(E4="","", E4 - IFERROR( LOOKUP(2, 1/($B$1:B3=$B4), $E$1:E3 ), 0 ) )} -> 30 | G4: =IF(AND(D4<>"",E4<>""),E4-D4,"") -> 0
A5: 45975 | B5: B | C5: =IFERROR(VLOOKUP(B5, Baseline_Schedule!A:B, 2, FALSE),"") -> Site survey & setting out | D5: =IFERROR(IF(AND(A5>=VLOOKUP(B5,Baseline_Schedule!A:F,5,FALSE),A5<=VLOOKUP(B5,Baseline_Schedule!A:F,6,FALSE)),ROUND((A5-VLOOKUP(B5,Baseline_Schedule!A:F,5,FALSE)+1)/VLOOKUP(B5,Baseline_Schedule!A:C,3,FALSE)*100,0),IF(A5<VLOOKUP(B5,Baseline_Schedule!A:F,5,FALSE),0,100)),"") -> 50 | E5: 50 | F5: {=IF(E5="","", E5 - IFERROR( LOOKUP(2, 1/($B$1:B4=$B5), $E$1:E4 ), 0 ) )} -> 50 | G5: =IF(AND(D5<>"",E5<>""),E5-D5,"") -> 0
A6: 45976 | B6: B | C6: =IFERROR(VLOOKUP(B6, Baseline_Schedule!A:B, 2, FALSE),"") -> Site survey & setting out | D6: =IFERROR(IF(AND(A6>=VLOOKUP(B6,Baseline_Schedule!A:F,5,FALSE),A6<=VLOOKUP(B6,Baseline_Schedule!A:F,6,FALSE)),ROUND((A6-VLOOKUP(B6,Baseline_Schedule!A:F,5,FALSE)+1)/VLOOKUP(B6,Baseline_Schedule!A:C,3,FALSE)*100,0),IF(A6<VLOOKUP(B6,Baseline_Schedule!A:F,5,FALSE),0,100)),"") -> 100 | E6: 100 | F6: {=IF(E6="","", E6 - IFERROR( LOOKUP(2, 1/($B$1:B5=$B6), $E$1:E5 ), 0 ) )} -> 50 | G6: =IF(AND(D6<>"",E6<>""),E6-D6,"") -> 0
A7: 45977 | B7: C | C7: =IFERROR(VLOOKUP(B7, Baseline_Schedule!A:B, 2, FALSE),"") -> Excavation | D7: =IFERROR(IF(AND(A7>=VLOOKUP(B7,Baseline_Schedule!A:F,5,FALSE),A7<=VLOOKUP(B7,Baseline_Schedule!A:F,6,FALSE)),ROUND((A7-VLOOKUP(B7,Baseline_Schedule!A:F,5,FALSE)+1)/VLOOKUP(B7,Baseline_Schedule!A:C,3,FALSE)*100,0),IF(A7<VLOOKUP(B7,Baseline_Schedule!A:F,5,FALSE),0,100)),"") -> 0 | E7: 0 | F7: {=IF(E7="","", E7 - IFERROR( LOOKUP(2, 1/($B$1:B6=$B7), $E$1:E6 ), 0 ) )} -> 0 | G7: =IF(AND(D7<>"",E7<>""),E7-D7,"") -> 0
A8: 45978 | B8: C | C8: =IFERROR(VLOOKUP(B8, Baseline_Schedule!A:B, 2, FALSE),"") -> Excavation | D8: =IFERROR(IF(AND(A8>=VLOOKUP(B8,Baseline_Schedule!A:F,5,FALSE),A8<=VLOOKUP(B8,Baseline_Schedule!A:F,6,FALSE)),ROUND((A8-VLOOKUP(B8,Baseline_Schedule!A:F,5,FALSE)+1)/VLOOKUP(B8,Baseline_Schedule!A:C,3,FALSE)*100,0),IF(A8<VLOOKUP(B8,Baseline_Schedule!A:F,5,FALSE),0,100)),"") -> 14 | E8: 10 | F8: {=IF(E8="","", E8 - IFERROR( LOOKUP(2, 1/($B$1:B7=$B8), $E$1:E7 ), 0 ) )} -> 10 | G8: =IF(AND(D8<>"",E8<>""),E8-D8,"") -> -4
A9: 45979 | B9: C | C9: =IFERROR(VLOOKUP(B9, Baseline_Schedule!A:B, 2, FALSE),"") -> Excavation | D9: =IFERROR(IF(AND(A9>=VLOOKUP(B9,Baseline_Schedule!A:F,5,FALSE),A9<=VLOOKUP(B9,Baseline_Schedule!A:F,6,FALSE)),ROUND((A9-VLOOKUP(B9,Baseline_Schedule!A:F,5,FALSE)+1)/VLOOKUP(B9,Baseline_Schedule!A:C,3,FALSE)*100,0),IF(A9<VLOOKUP(B9,Baseline_Schedule!A:F,5,FALSE),0,100)),"") -> 29 | E9: 30 | F9: {=IF(E9="","", E9 - IFERROR( LOOKUP(2, 1/($B$1:B8=$B9), $E$1:E8 ), 0 ) )} -> 20 | G9: =IF(AND(D9<>"",E9<>""),E9-D9,"") -> 1
A10: 45980 | B10: C | C10: =IFERROR(VLOOKUP(B10, Baseline_Schedule!A:B, 2, FALSE),"") -> Excavation | D10: =IFERROR(IF(AND(A10>=VLOOKUP(B10,Baseline_Schedule!A:F,5,FALSE),A10<=VLOOKUP(B10,Baseline_Schedule!A:F,6,FALSE)),ROUND((A10-VLOOKUP(B10,Baseline_Schedule!A:F,5,FALSE)+1)/VLOOKUP(B10,Baseline_Schedule!A:C,3,FALSE)*100,0),IF(A10<VLOOKUP(B10,Baseline_Schedule!A:F,5,FALSE),0,100)),"") -> 43 | E10: 40 | F10: {=IF(E10="","", E10 - IFERROR( LOOKUP(2, 1/($B$1:B9=$B10), $E$1:E9 ), 0 ) )} -> 10 | G10: =IF(AND(D10<>"",E10<>""),E10-D10,"") -> -3
A11: 45981 | B11: C | C11: =IFERROR(VLOOKUP(B11, Baseline_Schedule!A:B, 2, FALSE),"") -> Excavation | D11: =IFERROR(IF(AND(A11>=VLOOKUP(B11,Baseline_Schedule!A:F,5,FALSE),A11<=VLOOKUP(B11,Baseline_Schedule!A:F,6,FALSE)),ROUND((A11-VLOOKUP(B11,Baseline_Schedule!A:F,5,FALSE)+1)/VLOOKUP(B11,Baseline_Schedule!A:C,3,FALSE)*100,0),IF(A11<VLOOKUP(B11,Baseline_Schedule!A:F,5,FALSE),0,100)),"") -> 57 | E11: 50 | F11: {=IF(E11="","", E11 - IFERROR( LOOKUP(2, 1/($B$1:B10=$B11), $E$1:E10 ), 0 ) )} -> 10 | G11: =IF(AND(D11<>"",E11<>""),E11-D11,"") -> -7
A12: 45982 | B12: C | C12: =IFERROR(VLOOKUP(B12, Baseline_Schedule!A:B, 2, FALSE),"") -> Excavation | D12: =IFERROR(IF(AND(A12>=VLOOKUP(B12,Baseline_Schedule!A:F,5,FALSE),A12<=VLOOKUP(B12,Baseline_Schedule!A:F,6,FALSE)),ROUND((A12-VLOOKUP(B12,Baseline_Schedule!A:F,5,FALSE)+1)/VLOOKUP(B12,Baseline_Schedule!A:C,3,FALSE)*100,0),IF(A12<VLOOKUP(B12,Baseline_Schedule!A:F,5,FALSE),0,100)),"") -> 71 | E12: 75 | F12: {=IF(E12="","", E12 - IFERROR( LOOKUP(2, 1/($B$1:B11=$B12), $E$1:E11 ), 0 ) )} -> 25 | G12: =IF(AND(D12<>"",E12<>""),E12-D12,"") -> 4
A13: 45983 | B13: C | C13: =IFERROR(VLOOKUP(B13, Baseline_Schedule!A:B, 2, FALSE),"") -> Excavation | D13: =IFERROR(IF(AND(A13>=VLOOKUP(B13,Baseline_Schedule!A:F,5,FALSE),A13<=VLOOKUP(B13,Baseline_Schedule!A:F,6,FALSE)),ROUND((A13-VLOOKUP(B13,Baseline_Schedule!A:F,5,FALSE)+1)/VLOOKUP(B13,Baseline_Schedule!A:C,3,FALSE)*100,0),IF(A13<VLOOKUP(B13,Baseline_Schedule!A:F,5,FALSE),0,100)),"") -> 86 | E13: 80 | F13: {=IF(E13="","", E13 - IFERROR( LOOKUP(2, 1/($B$1:B12=$B13), $E$1:E12 ), 0 ) )} -> 5 | G13: =IF(AND(D13<>"",E13<>""),E13-D13,"") -> -6
A14: 45984 | B14: C | C14: =IFERROR(VLOOKUP(B14, Baseline_Schedule!A:B, 2, FALSE),"") -> Excavation | D14: =IFERROR(IF(AND(A14>=VLOOKUP(B14,Baseline_Schedule!A:F,5,FALSE),A14<=VLOOKUP(B14,Baseline_Schedule!A:F,6,FALSE)),ROUND((A14-VLOOKUP(B14,Baseline_Schedule!A:F,5,FALSE)+1)/VLOOKUP(B14,Baseline_Schedule!A:C,3,FALSE)*100,0),IF(A14<VLOOKUP(B14,Baseline_Schedule!A:F,5,FALSE),0,100)),"") -> 100 | E14: 100 | F14: {=IF(E14="","", E14 - IFERROR( LOOKUP(2, 1/($B$1:B13=$B14), $E$1:E13 ), 0 ) )} -> 20 | G14: =IF(AND(D14<>"",E14<>""),E14-D14,"") -> 0
C15: =IFERROR(VLOOKUP(B15, Baseline_Schedule!A:B, 2, FALSE),"") | D15: =IFERROR(IF(AND(A15>=VLOOKUP(B15,Baseline_Schedule!A:F,5,FALSE),A15<=VLOOKUP(B15,Baseline_Schedule!A:F,6,FALSE)),ROUND((A15-VLOOKUP(B15,Baseline_Schedule!A:F,5,FALSE)+1)/VLOOKUP(B15,Baseline_Schedule!A:C,3,FALSE)*100,0),IF(A15<VLOOKUP(B15,Baseline_Schedule!A:F,5,FALSE),0,100)),"")
C16: =IFERROR(VLOOKUP(B16, Baseline_Schedule!A:B, 2, FALSE),"") | D16: =IFERROR(IF(AND(A16>=VLOOKUP(B16,Baseline_Schedule!A:F,5,FALSE),A16<=VLOOKUP(B16,Baseline_Schedule!A:F,6,FALSE)),ROUND((A16-VLOOKUP(B16,Baseline_Schedule!A:F,5,FALSE)+1)/VLOOKUP(B16,Baseline_Schedule!A:C,3,FALSE)*100,0),IF(A16<VLOOKUP(B16,Baseline_Schedule!A:F,5,FALSE),0,100)),"")
C17: =IFERROR(VLOOKUP(B17, Baseline_Schedule!A:B, 2, FALSE),"") | D17: =IFERROR(IF(AND(A17>=VLOOKUP(B17,Baseline_Schedule!A:F,5,FALSE),A17<=VLOOKUP(B17,Baseline_Schedule!A:F,6,FALSE)),ROUND((A17-VLOOKUP(B17,Baseline_Schedule!A:F,5,FALSE)+1)/VLOOKUP(B17,Baseline_Schedule!A:C,3,FALSE)*100,0),IF(A17<VLOOKUP(B17,Baseline_Schedule!A:F,5,FALSE),0,100)),"")
C18: Similarly, progress of all the activities can be shown like this. | D18: =IFERROR(IF(AND(A18>=VLOOKUP(B18,Baseline_Schedule!A:F,5,FALSE),A18<=VLOOKUP(B18,Baseline_Schedule!A:F,6,FALSE)),ROUND((A18-VLOOKUP(B18,Baseline_Schedule!A:F,5,FALSE)+1)/VLOOKUP(B18,Baseline_Schedule!A:C,3,FALSE)*100,0),IF(A18<VLOOKUP(B18,Baseline_Schedule!A:F,5,FALSE),0,100)),"")
C19: =IFERROR(VLOOKUP(B19, Baseline_Schedule!A:B, 2, FALSE),"") | D19: =IFERROR(IF(AND(A19>=VLOOKUP(B19,Baseline_Schedule!A:F,5,FALSE),A19<=VLOOKUP(B19,Baseline_Schedule!A:F,6,FALSE)),ROUND((A19-VLOOKUP(B19,Baseline_Schedule!A:F,5,FALSE)+1)/VLOOKUP(B19,Baseline_Schedule!A:C,3,FALSE)*100,0),IF(A19<VLOOKUP(B19,Baseline_Schedule!A:F,5,FALSE),0,100)),"")
C20: =IFERROR(VLOOKUP(B20, Baseline_Schedule!A:B, 2, FALSE),"") | D20: =IFERROR(IF(AND(A20>=VLOOKUP(B20,Baseline_Schedule!A:F,5,FALSE),A20<=VLOOKUP(B20,Baseline_Schedule!A:F,6,FALSE)),ROUND((A20-VLOOKUP(B20,Baseline_Schedule!A:F,5,FALSE)+1)/VLOOKUP(B20,Baseline_Schedule!A:C,3,FALSE)*100,0),IF(A20<VLOOKUP(B20,Baseline_Schedule!A:F,5,FALSE),0,100)),"")
C21: =IFERROR(VLOOKUP(B21, Baseline_Schedule!A:B, 2, FALSE),"") | D21: =IFERROR(IF(AND(A21>=VLOOKUP(B21,Baseline_Schedule!A:F,5,FALSE),A21<=VLOOKUP(B21,Baseline_Schedule!A:F,6,FALSE)),ROUND((A21-VLOOKUP(B21,Baseline_Schedule!A:F,5,FALSE)+1)/VLOOKUP(B21,Baseline_Schedule!A:C,3,FALSE)*100,0),IF(A21<VLOOKUP(B21,Baseline_Schedule!A:F,5,FALSE),0,100)),"")
C22: =IFERROR(VLOOKUP(B22, Baseline_Schedule!A:B, 2, FALSE),"") | D22: =IFERROR(IF(AND(A22>=VLOOKUP(B22,Baseline_Schedule!A:F,5,FALSE),A22<=VLOOKUP(B22,Baseline_Schedule!A:F,6,FALSE)),ROUND((A22-VLOOKUP(B22,Baseline_Schedule!A:F,5,FALSE)+1)/VLOOKUP(B22,Baseline_Schedule!A:C,3,FALSE)*100,0),IF(A22<VLOOKUP(B22,Baseline_Schedule!A:F,5,FALSE),0,100)),"")
C23: =IFERROR(VLOOKUP(B23, Baseline_Schedule!A:B, 2, FALSE),"") | D23: =IFERROR(IF(AND(A23>=VLOOKUP(B23,Baseline_Schedule!A:F,5,FALSE),A23<=VLOOKUP(B23,Baseline_Schedule!A:F,6,FALSE)),ROUND((A23-VLOOKUP(B23,Baseline_Schedule!A:F,5,FALSE)+1)/VLOOKUP(B23,Baseline_Schedule!A:C,3,FALSE)*100,0),IF(A23<VLOOKUP(B23,Baseline_Schedule!A:F,5,FALSE),0,100)),"")
C24: =IFERROR(VLOOKUP(B24, Baseline_Schedule!A:B, 2, FALSE),"")
C25: =IFERROR(VLOOKUP(B25, Baseline_Schedule!A:B, 2, FALSE),"")

Sheet Steps
A1: Step 1 – Set up your Excel workbook
A2: Create three sheets:
A3: Baseline Schedule – planned start, finish, duration, predecessors, and resources.
A4: Daily Progress Report (DPR) – actual daily site updates.
A5: Delay/Impact Summary – automatic calculation of delays and effects on successors.
A7: Step 2 – List activities(Randomly taken for ex)
A8: Mobilization
A9: Site survey & setting out
A10: Excavation
A11: PCC & Subbase
A12: Footing formwork & rebar
A13: Footing concreting
... A84: IS 14580:1998 – Guidelines for preparation of bar charts and network diagrams (PERT/CPM).

Sheet Grp Members
A2: Shreyansh | B2: 221031
A3: Deepak Chaurasia
A4: Rahul Singh
