Workbook

Sheet Sheet2
C2: Activity | D2: Duration (days) | E2: Relationship | F2: ES | G2: EF | H2: Relation type | I2: Lag | L2: 45658
C4: A – Earthwork | D4: 4 | F4: {=IF(Schedule2[[#This Row],[Relationship]]="", $L$2, MAX( _xlfn.LET( _xlpm.preds, TRIM(_xlfn.TEXTSPLIT(Schedule2[[#This Row],[Relationship]],",")), _xlpm.types, TRIM(_xlfn.TEXTSPLIT(Schedule2[[#This Row],[Relation type]],",")), _xlpm.lags, --_xlfn.TEXTSPLIT(Schedule2[[#This Row],[Lag]],","), _xlpm.results, IF(_xlpm.types="FS", _xlfn.XLOOKUP(_xlpm.preds,Schedule2[Activity],Schedule2[EF]) + _xlpm.lags, IF(_xlpm.types="SS", _xlfn.XLOOKUP(_xlpm.preds,Schedule2[Activity],Schedule2[ES]) + _xlpm.lags, IF(_xlpm.types="FF", _xlfn.XLOOKUP(_xlpm.preds,Schedule2[Activity],Schedule2[EF]) + _xlpm.lags - Schedule2[[#This Row],[Duration (days)]], IF(_xlpm.types="SF", _xlfn.XLOOKUP(_xlpm.preds,Schedule2[Activity],Schedule2[ES]) + _xlpm.lags - Schedule2[[#This Row],[Duration (days)]], )))), MAX(_xlpm.results) ) ) )} -> 45658 | G4: =Schedule2[[#This Row],[ES]] + Schedule2[[#This Row],[Duration (days)]]*7 -> 45686
C5: B - Steel fabrication | D5: 1 | F5: {=IF(Schedule2[[#This Row],[Relationship]]="", $L$2, MAX( _xlfn.LET( _xlpm.preds, TRIM(_xlfn.TEXTSPLIT(Schedule2[[#This Row],[Relationship]],",")), _xlpm.types, TRIM(_xlfn.TEXTSPLIT(Schedule2[[#This Row],[Relation type]],",")), _xlpm.lags, --_xlfn.TEXTSPLIT(Schedule2[[#This Row],[Lag]],","), _xlpm.results, IF(_xlpm.types="FS", _xlfn.XLOOKUP(_xlpm.preds,Schedule2[Activity],Schedule2[EF]) + _xlpm.lags, IF(_xlpm.types="SS", _xlfn.XLOOKUP(_xlpm.preds,Schedule2[Activity],Schedule2[ES]) + _xlpm.lags, IF(_xlpm.types="FF", _xlfn.XLOOKUP(_xlpm.preds,Schedule2[Activity],Schedule2[EF]) + _xlpm.lags - Schedule2[[#This Row],[Duration (days)]], IF(_xlpm.types="SF", _xlfn.XLOOKUP(_xlpm.preds,Schedule2[Activity],Schedule2[ES]) + _xlpm.lags - Schedule2[[#This Row],[Duration (days)]], )))), MAX(_xlpm.results) ) ) )} -> 45658 | G5: =Schedule2[[#This Row],[ES]] + Schedule2[[#This Row],[Duration (days)]]*7 -> 45665
C6: C - Shuttering fabrication | D6: 5 | F6: {=IF(Schedule2[[#This Row],[Relationship]]="", $L$2, MAX( _xlfn.LET( _xlpm.preds, TRIM(_xlfn.TEXTSPLIT(Schedule2[[#This Row],[Relationship]],",")), _xlpm.types, TRIM(_xlfn.TEXTSPLIT(Schedule2[[#This Row],[Relation type]],",")), _xlpm.lags, --_xlfn.TEXTSPLIT(Schedule2[[#This Row],[Lag]],","), _xlpm.results, IF(_xlpm.types="FS", _xlfn.XLOOKUP(_xlpm.preds,Schedule2[Activity],Schedule2[EF]) + _xlpm.lags, IF(_xlpm.types="SS", _xlfn.XLOOKUP(_xlpm.preds,Schedule2[Activity],Schedule2[ES]) + _xlpm.lags, IF(_xlpm.types="FF", _xlfn.XLOOKUP(_xlpm.preds,Schedule2[Activity],Schedule2[EF]) + _xlpm.lags - Schedule2[[#This Row],[Duration (days)]], IF(_xlpm.types="SF", _xlfn.XLOOKUP(_xlpm.preds,Schedule2[Activity],Schedule2[ES]) + _xlpm.lags - Schedule2[[#This Row],[Duration (days)]], )))), MAX(_xlpm.results) ) ) )} -> 45658 | G6: =Schedule2[[#This Row],[ES]] + Schedule2[[#This Row],[Duration (days)]]*7 -> 45693
C7: D - Plain cement concrete (PCC) | D7: 5 | E7: A – Earthwork | F7: {=IF(Schedule2[[#This Row],[Relationship]]="", $L$2, MAX( _xlfn.LET( _xlpm.preds, TRIM(_xlfn.TEXTSPLIT(Schedule2[[#This Row],[Relationship]],",")), _xlpm.types, TRIM(_xlfn.TEXTSPLIT(Schedule2[[#This Row],[Relation type]],",")), _xlpm.lags, --_xlfn.TEXTSPLIT(Schedule2[[#This Row],[Lag]],","), _xlpm.results, IF(_xlpm.types="FS", _xlfn.XLOOKUP(_xlpm.preds,Schedule2[Activity],Schedule2[EF]) + _xlpm.lags, IF(_xlpm.types="SS", _xlfn.XLOOKUP(_xlpm.preds,Schedule2[Activity],Schedule2[ES]) + _xlpm.lags, IF(_xlpm.types="FF", _xlfn.XLOOKUP(_xlpm.preds,Schedule2[Activity],Schedule2[EF]) + _xlpm.lags - Schedule2[[#This Row],[Duration (days)]], IF(_xlpm.types="SF", _xlfn.XLOOKUP(_xlpm.preds,Schedule2[Activity],Schedule2[ES]) + _xlpm.lags - Schedule2[[#This Row],[Duration (days)]], )))), MAX(_xlpm.results) ) ) )} -> 45688 | G7: =Schedule2[[#This Row],[ES]] + Schedule2[[#This Row],[Duration (days)]]*7 -> 45723 | H7: FS | I7: 2
C8: E - Rebar transportation | D8: 1 | E8: B - Steel fabrication,D - Plain cement concrete (PCC) | F8: {=IF(Schedule2[[#This Row],[Relationship]]="", $L$2, MAX( _xlfn.LET( _xlpm.preds, TRIM(_xlfn.TEXTSPLIT(Schedule2[[#This Row],[Relationship]],",")), _xlpm.types, TRIM(_xlfn.TEXTSPLIT(Schedule2[[#This Row],[Relation type]],",")), _xlpm.lags, --_xlfn.TEXTSPLIT(Schedule2[[#This Row],[Lag]],","), _xlpm.results, IF(_xlpm.types="FS", _xlfn.XLOOKUP(_xlpm.preds,Schedule2[Activity],Schedule2[EF]) + _xlpm.lags, IF(_xlpm.types="SS", _xlfn.XLOOKUP(_xlpm.preds,Schedule2[Activity],Schedule2[ES]) + _xlpm.lags, IF(_xlpm.types="FF", _xlfn.XLOOKUP(_xlpm.preds,Schedule2[Activity],Schedule2[EF]) + _xlpm.lags - Schedule2[[#This Row],[Duration (days)]], IF(_xlpm.types="SF", _xlfn.XLOOKUP(_xlpm.preds,Schedule2[Activity],Schedule2[ES]) + _xlpm.lags - Schedule2[[#This Row],[Duration (days)]], )))), MAX(_xlpm.results) ) ) )} -> 45688 | G8: =Schedule2[[#This Row],[ES]] + Schedule2[[#This Row],[Duration (days)]]*7 -> 45695 | H8: FS,SF | I8: 1,1
C9: F - Concreting of raft | D9: 2 | E9: D - Plain cement concrete (PCC),D - Plain cement concrete (PCC),E - Rebar transportation | F9: {=IF(Schedule2[[#This Row],[Relationship]]="", $L$2, MAX( _xlfn.LET( _xlpm.preds, TRIM(_xlfn.TEXTSPLIT(Schedule2[[#This Row],[Relationship]],",")), _xlpm.types, TRIM(_xlfn.TEXTSPLIT(Schedule2[[#This Row],[Relation type]],",")), _xlpm.lags, --_xlfn.TEXTSPLIT(Schedule2[[#This Row],[Lag]],","), _xlpm.results, IF(_xlpm.types="FS", _xlfn.XLOOKUP(_xlpm.preds,Schedule2[Activity],Schedule2[EF]) + _xlpm.lags, IF(_xlpm.types="SS", _xlfn.XLOOKUP(_xlpm.preds,Schedule2[Activity],Schedule2[ES]) + _xlpm.lags, IF(_xlpm.types="FF", _xlfn.XLOOKUP(_xlpm.preds,Schedule2[Activity],Schedule2[EF]) + _xlpm.lags - Schedule2[[#This Row],[Duration (days)]], IF(_xlpm.types="SF", _xlfn.XLOOKUP(_xlpm.preds,Schedule2[Activity],Schedule2[ES]) + _xlpm.lags - Schedule2[[#This Row],[Duration (days)]], )))), MAX(_xlpm.results) ) ) )} -> 45722 | G9: =Schedule2[[#This Row],[ES]] + Schedule2[[#This Row],[Duration (days)]]*7 -> 45736 | H9: SS,FF,FS | I9: 7,1,0
C10: G - Wall shuttering | D10: 1 | E10: C - Shuttering fabrication,F - Concreting of raft | F10: {=IF(Schedule2[[#This Row],[Relationship]]="", $L$2, MAX( _xlfn.LET( _xlpm.preds, TRIM(_xlfn.TEXTSPLIT(Schedule2[[#This Row],[Relationship]],",")), _xlpm.types, TRIM(_xlfn.TEXTSPLIT(Schedule2[[#This Row],[Relation type]],",")), _xlpm.lags, --_xlfn.TEXTSPLIT(Schedule2[[#This Row],[Lag]],","), _xlpm.results, IF(_xlpm.types="FS", _xlfn.XLOOKUP(_xlpm.preds,Schedule2[Activity],Schedule2[EF]) + _xlpm.lags, IF(_xlpm.types="SS", _xlfn.XLOOKUP(_xlpm.preds,Schedule2[Activity],Schedule2[ES]) + _xlpm.lags, IF(_xlpm.types="FF", _xlfn.XLOOKUP(_xlpm.preds,Schedule2[Activity],Schedule2[EF]) + _xlpm.lags - Schedule2[[#This Row],[Duration (days)]], IF(_xlpm.types="SF", _xlfn.XLOOKUP(_xlpm.preds,Schedule2[Activity],Schedule2[ES]) + _xlpm.lags - Schedule2[[#This Row],[Duration (days)]], )))), MAX(_xlpm.results) ) ) )} -> 45722 | G10: =Schedule2[[#This Row],[ES]] + Schedule2[[#This Row],[Duration (days)]]*7 -> 45729 | H10: FS,SF | I10: 1,1
C11: H - Concreting of wall | D11: 10 | E11: G - Wall shuttering,F - Concreting of raft,F - Concreting of raft | F11: {=IF(Schedule2[[#This Row],[Relationship]]="", $L$2, MAX( _xlfn.LET( _xlpm.preds, TRIM(_xlfn.TEXTSPLIT(Schedule2[[#This Row],[Relationship]],",")), _xlpm.types, TRIM(_xlfn.TEXTSPLIT(Schedule2[[#This Row],[Relation type]],",")), _xlpm.lags, --_xlfn.TEXTSPLIT(Schedule2[[#This Row],[Lag]],","), _xlpm.results, IF(_xlpm.types="FS", _xlfn.XLOOKUP(_xlpm.preds,Schedule2[Activity],Schedule2[EF]) + _xlpm.lags, IF(_xlpm.types="SS", _xlfn.XLOOKUP(_xlpm.preds,Schedule2[Activity],Schedule2[ES]) + _xlpm.lags, IF(_xlpm.types="FF", _xlfn.XLOOKUP(_xlpm.preds,Schedule2[Activity],Schedule2[EF]) + _xlpm.lags - Schedule2[[#This Row],[Duration (days)]], IF(_xlpm.types="SF", _xlfn.XLOOKUP(_xlpm.preds,Schedule2[Activity],Schedule2[ES]) + _xlpm.lags - Schedule2[[#This Row],[Duration (days)]], )))), MAX(_xlpm.results) ) ) )} -> 45729 | G11: =Schedule2[[#This Row],[ES]] + Schedule2[[#This Row],[Duration (days)]]*7 -> 45799 | H11: FS,SS,FF | I11: 0,1,3
C12: I - Fencing | D12: 5 | E12: H - Concreting of wall | F12: {=IF(Schedule2[[#This Row],[Relationship]]="", $L$2, MAX( _xlfn.LET( _xlpm.preds, TRIM(_xlfn.TEXTSPLIT(Schedule2[[#This Row],[Relationship]],",")), _xlpm.types, TRIM(_xlfn.TEXTSPLIT(Schedule2[[#This Row],[Relation type]],",")), _xlpm.lags, --_xlfn.TEXTSPLIT(Schedule2[[#This Row],[Lag]],","), _xlpm.results, IF(_xlpm.types="FS", _xlfn.XLOOKUP(_xlpm.preds,Schedule2[Activity],Schedule2[EF]) + _xlpm.lags, IF(_xlpm.types="SS", _xlfn.XLOOKUP(_xlpm.preds,Schedule2[Activity],Schedule2[ES]) + _xlpm.lags, IF(_xlpm.types="FF", _xlfn.XLOOKUP(_xlpm.preds,Schedule2[Activity],Schedule2[EF]) + _xlpm.lags - Schedule2[[#This Row],[Duration (days)]], IF(_xlpm.types="SF", _xlfn.XLOOKUP(_xlpm.preds,Schedule2[Activity],Schedule2[ES]) + _xlpm.lags - Schedule2[[#This Row],[Duration (days)]], )))), MAX(_xlpm.results) ) ) )} -> 45799 | G12: =Schedule2[[#This Row],[ES]] + Schedule2[[#This Row],[Duration (days)]]*7 -> 45834 | H12: FS | I12: 0
G13: =MAX(G4:G12) -> 45834

Sheet Name 
E12: Ramji | F12: 220869
E13: Deepak | F13: 220330
E14: shreyansh | F14: 221031

Sheet Sheet4
C6: Month | D6: description of work done | E6: =E30+E31+0.857*E32 -> 15571000
C7: 1 | D7: Earthwork
D8: Steel fabrication
D9: 85.7% of shuttering
C11: 2 | D11: 80% PCC | E11: =0.8*E33+E34+0.143*E32 -> 3029000
D12: Rebar
D13: 14.4% shuttering
C15: 3 | D15: 20% PCC | E15: =0.2*E33+E35+E36+0.257*E37 -> 13171000
D16: concreting of raft
D17: wall shuttering
D18: 25.7% of concreting of wall
C20: 4 | D20: 42.6% of concreting of wall | E20: =0.426*E37 -> 1278000
C22: 5 | D22: 31.7% concreting of wall | E22: =0.317*E37 +0.257*E38 -> 1208000
D23: 25.7% fencing
C25: 6 | D25: 74.3% fencing | E25: =0.743*E38 -> 743000
D29: Activity | E29: Billing amount
D30: A – Earthwork | E30: 3000000
D31: B - Steel fabrication | E31: 10000000
D32: C - Shuttering fabrication | E32: 3000000
D33: D - Plain cement concrete (PCC) | E33: 2000000
D34: E - Rebar transportation | E34: 1000000
D35: F - Concreting of raft | E35: 10000000
D36: G - Wall shuttering | E36: 2000000
D37: H - Concreting of wall | E37: 3000000
D38: I - Fencing | E38: 1000000
E39: =+SUM(E30:E38) -> 35000000

Sheet Sheet3
C4: Activity | D4: Billing amount
C5: A – Earthwork | D5: 3000000
C6: B - Steel fabrication | D6: 10000000
C7: C - Shuttering fabrication | D7: 3000000
C8: D - Plain cement concrete (PCC) | D8: 2000000
C9: E - Rebar transportation | D9: 1000000
C10: F - Concreting of raft | D10: 10000000
C11: G - Wall shuttering | D11: 2000000
C12: H - Concreting of wall | D12: 3000000
C13: I - Fencing | D13: 1000000
D14: =+SUM(D5:D13) -> 35000000

Sheet cash flow
F5: Months | H5: Inflow
F6: 1 | H6: 4200000
F7: 3 | H7: =Sheet4!E6-840000 -> 14731000
F8: 4 | H8: =Sheet4!E11-840000 -> 2189000
F9: 5 | H9: =Sheet4!E15-840000 -> 12331000
F10: 6 | H10: =Sheet4!E20-840000 -> 438000
F11: 7 | H11: =Sheet4!E22-840000 -> 368000
F12: 8 | H12: =Sheet4!E25 -> 743000
